{"cameraMode":{"drawMode":0,"name":"Shaded","section":"Shading Mode"},"sceneLighting":false,"audioPlay":false,"sceneViewState":{"showFog":true,"showMaterialUpdate":false,"showSkybox":false,"showFlares":true,"showImageEffects":true,"showParticleSystems":true},"in2DMode":false,"pivot":{"x":4.262938499450684,"y":0.2581760883331299,"z":-1.3082515001296998},"rotation":{"x":0.36711955070495608,"y":-0.3101460039615631,"z":0.13132454454898835,"w":0.8671102523803711},"size":1.1630223989486695,"orthographic":true}