{"cameraMode":{"drawMode":0,"name":"Shaded","section":"Shading Mode"},"sceneLighting":false,"audioPlay":false,"sceneViewState":{"showFog":true,"showMaterialUpdate":false,"showSkybox":false,"showFlares":true,"showImageEffects":true,"showParticleSystems":true},"in2DMode":false,"pivot":{"x":5.41019868850708,"y":1.038323163986206,"z":6.314485549926758},"rotation":{"x":-0.5488596558570862,"y":-0.032464828342199329,"z":0.021541602909564973,"w":-0.8351913094520569},"size":0.5684792399406433,"orthographic":true}